{
    "method": "xoftr",
    "exp_name": "VisTIR",
    "ransac_thres": 1.5,
    "auc_thresholds": [
        5,
        10,
        20
    ],
    "gpu": "0",
    "data_root_dir": "./data/METU_VisTIR/",
    "save_dir": "./results_relative_pose",
    "print_out": false,
    "debug": false,
    "save_figs": false,
    "match_threshold": 0.3,
    "fine_threshold": 0.1,
    "ckpt": "weights/weights_xoftr_640.ckpt",
    "cloudy_cloudy": [
        21.841217041015625,
        39.02602767944336,
        55.04048156738281
    ],
    "cloudy_sunny": [
        12.693686485290527,
        27.23927116394043,
        43.740257263183594
    ],
    "cloudy_cloudy_scene_1.npz": [
        22.85221732184975,
        38.8655540255503,
        52.27796627254718
    ],
    "cloudy_cloudy_scene_2.npz": [
        25.09239915326993,
        46.19783170487498,
        63.59939553405549
    ],
    "cloudy_cloudy_scene_3.npz": [
        25.026011191607367,
        43.50373667276877,
        59.58057034539226
    ],
    "cloudy_cloudy_scene_4.npz": [
        16.134495314093197,
        29.143678521627464,
        43.39763324482273
    ],
    "cloudy_cloudy_scene_5.npz": [
        31.506490072207527,
        55.73117253344757,
        74.59219444780148
    ],
    "cloudy_cloudy_scene_6.npz": [
        10.435678643989284,
        20.714206089141413,
        36.79513487046714
    ],
    "cloudy_sunny_scene_1.npz": [
        14.543883705133947,
        32.976416669844575,
        51.88723913145663
    ],
    "cloudy_sunny_scene_2.npz": [
        19.84494217607446,
        36.566952641722324,
        53.766431126633464
    ],
    "cloudy_sunny_scene_3.npz": [
        13.310524544618602,
        28.344449407151235,
        43.40263986336976
    ],
    "cloudy_sunny_scene_4.npz": [
        3.075399007718274,
        11.069260261846367,
        25.904718987750762
    ]
}