{
    "method": "xoftr",
    "exp_name": "VisTIR",
    "ransac_thres": 1.5,
    "auc_thresholds": [
        5,
        10,
        20
    ],
    "gpu": "0",
    "data_root_dir": "./data/METU_VisTIR/",
    "save_dir": "./results_relative_pose",
    "print_out": false,
    "debug": false,
    "save_figs": true,
    "match_threshold": 0.3,
    "fine_threshold": 0.1,
    "ckpt": "weights/weights_xoftr_640.ckpt",
    "cloudy_cloudy": [
        22.05498504638672,
        38.73844528198242,
        54.954647064208984
    ],
    "cloudy_sunny": [
        13.240530014038086,
        28.00002098083496,
        45.024471282958984
    ],
    "cloudy_cloudy_scene_1.npz": [
        23.98403490283226,
        40.38757172274881,
        53.37886806459433
    ],
    "cloudy_cloudy_scene_2.npz": [
        26.683324476113786,
        46.23533013223838,
        63.42890573304303
    ],
    "cloudy_cloudy_scene_3.npz": [
        24.628520637997866,
        42.15929354286967,
        57.85921021614888
    ],
    "cloudy_cloudy_scene_4.npz": [
        14.617469477409623,
        27.111400220289518,
        42.13271793863342
    ],
    "cloudy_cloudy_scene_5.npz": [
        31.829125223932646,
        55.83513618432168,
        74.16460238095164
    ],
    "cloudy_cloudy_scene_6.npz": [
        10.58744710817567,
        20.701930378676394,
        38.76356080977874
    ],
    "cloudy_sunny_scene_1.npz": [
        15.869997652660967,
        35.04166618439356,
        54.885660698045605
    ],
    "cloudy_sunny_scene_2.npz": [
        21.07531767270034,
        37.353029447347275,
        54.5498430584803
    ],
    "cloudy_sunny_scene_3.npz": [
        13.017770409853235,
        28.283533109031893,
        43.274670461264066
    ],
    "cloudy_sunny_scene_4.npz": [
        2.9990349426408818,
        11.32185508176025,
        27.387709652111692
    ]
}