{
    "method": "xoftr",
    "exp_name": "VisTIR",
    "ransac_thres": 1.5,
    "auc_thresholds": [
        5,
        10,
        20
    ],
    "gpu": "0",
    "data_root_dir": "./data/METU_VisTIR/",
    "save_dir": "./results_relative_pose",
    "print_out": false,
    "debug": false,
    "save_figs": false,
    "match_threshold": 0.3,
    "fine_threshold": 0.1,
    "ckpt": "checkpoints/epoch=0-auc@5=0.025-auc@10=0.064-auc@20=0.145.ckpt",
    "cloudy_cloudy": [
        2.7906973361968994,
        7.0726318359375,
        14.978819847106934
    ],
    "cloudy_sunny": [
        1.3402894735336304,
        4.348140716552734,
        10.9288330078125
    ],
    "cloudy_cloudy_scene_1.npz": [
        2.061429637229894,
        4.421366143419302,
        9.74126727193759
    ],
    "cloudy_cloudy_scene_2.npz": [
        1.6366512498921637,
        6.061470526172637,
        13.69115129759967
    ],
    "cloudy_cloudy_scene_3.npz": [
        3.4918086843981655,
        8.389064998154918,
        16.907302911887506
    ],
    "cloudy_cloudy_scene_4.npz": [
        1.77508931221385,
        4.607770513510126,
        11.494227946237471
    ],
    "cloudy_cloudy_scene_5.npz": [
        5.870535921295509,
        14.991549558192007,
        28.98793763719345
    ],
    "cloudy_cloudy_scene_6.npz": [
        1.908668969739076,
        3.9645679201410036,
        9.051030195246225
    ],
    "cloudy_sunny_scene_1.npz": [
        1.347903587217301,
        4.7065381012120255,
        12.512722577466661
    ],
    "cloudy_sunny_scene_2.npz": [
        1.9715287990616615,
        5.295790514201322,
        13.209578166668118
    ],
    "cloudy_sunny_scene_3.npz": [
        1.3461252288883554,
        4.570948905027645,
        9.595807747037632
    ],
    "cloudy_sunny_scene_4.npz": [
        0.6955999609822623,
        2.819285921883625,
        8.397225259162845
    ]
}