{
    "method": "xoftr",
    "exp_name": "VisTIR",
    "ransac_thres": 1.5,
    "auc_thresholds": [
        5,
        10,
        20
    ],
    "gpu": "0",
    "data_root_dir": "./data/METU_VisTIR/",
    "save_dir": "./results_relative_pose",
    "print_out": false,
    "debug": false,
    "save_figs": false,
    "match_threshold": 0.3,
    "fine_threshold": 0.1,
    "ckpt": "checkpoints/last.ckpt",
    "cloudy_cloudy": [
        5.526957988739014,
        13.712303161621094,
        25.66204833984375
    ],
    "cloudy_sunny": [
        3.0351085662841797,
        9.015382766723633,
        18.417484283447266
    ],
    "cloudy_cloudy_scene_1.npz": [
        3.316188968212002,
        9.012541371200625,
        19.247996449501464
    ],
    "cloudy_cloudy_scene_2.npz": [
        2.7803032221672725,
        9.59934996352121,
        23.170299555434557
    ],
    "cloudy_cloudy_scene_3.npz": [
        8.534405382647092,
        19.206997218567274,
        31.502602784564765
    ],
    "cloudy_cloudy_scene_4.npz": [
        3.157596638821995,
        9.419568635926716,
        17.527713924911122
    ],
    "cloudy_cloudy_scene_5.npz": [
        11.774701506638186,
        26.937997210009463,
        45.094994680841424
    ],
    "cloudy_cloudy_scene_6.npz": [
        3.5985490753672833,
        8.09736370778957,
        17.42868259937112
    ],
    "cloudy_sunny_scene_1.npz": [
        2.017291418392582,
        8.184715636208814,
        18.306336943080808
    ],
    "cloudy_sunny_scene_2.npz": [
        3.6635961699380313,
        9.851892955091124,
        21.473419894875896
    ],
    "cloudy_sunny_scene_3.npz": [
        5.3790682532802485,
        14.049420274949668,
        23.908408980800164
    ],
    "cloudy_sunny_scene_4.npz": [
        1.0804789663414265,
        3.9755039111955868,
        9.981769988827054
    ]
}