{
    "method": "xoftr",
    "exp_name": "VisTIR",
    "ransac_thres": 1.5,
    "auc_thresholds": [
        5,
        10,
        20
    ],
    "gpu": "0",
    "data_root_dir": "./data/METU_VisTIR/",
    "save_dir": "./results_relative_pose",
    "print_out": false,
    "debug": false,
    "save_figs": false,
    "match_threshold": 0.3,
    "fine_threshold": 0.1,
    "ckpt": "checkpoints/last.ckpt",
    "cloudy_cloudy": [
        4.129434108734131,
        10.842182159423828,
        21.138212203979492
    ],
    "cloudy_sunny": [
        1.6133925914764404,
        5.642818450927734,
        14.331411361694336
    ],
    "cloudy_cloudy_scene_1.npz": [
        2.30910515934653,
        6.084315896175839,
        13.424692468150868
    ],
    "cloudy_cloudy_scene_2.npz": [
        2.9193752694757955,
        7.566700389068812,
        15.771029290559497
    ],
    "cloudy_cloudy_scene_3.npz": [
        3.7474709030957545,
        10.277493210654312,
        20.87094107994305
    ],
    "cloudy_cloudy_scene_4.npz": [
        4.513546120511637,
        10.320283958502678,
        19.257219624454088
    ],
    "cloudy_cloudy_scene_5.npz": [
        8.20625751461749,
        22.76476199056941,
        41.54595823630681
    ],
    "cloudy_cloudy_scene_6.npz": [
        3.0808479458512403,
        8.039536856638376,
        15.959426935077198
    ],
    "cloudy_sunny_scene_1.npz": [
        1.721074122252287,
        6.904456528378547,
        15.623874202768764
    ],
    "cloudy_sunny_scene_2.npz": [
        2.2105721245346532,
        5.940930391707977,
        17.07741178552347
    ],
    "cloudy_sunny_scene_3.npz": [
        2.0589555369358776,
        6.557474939865429,
        14.39673915079237
    ],
    "cloudy_sunny_scene_4.npz": [
        0.4629682901322131,
        3.1684114041843445,
        10.227620350197238
    ]
}